{"source": ["Break the ice", "Spill the beans", "Once in a blue moon", "Hit the nail on the head", "The ball is in your court", "Cost an arm and a leg", "Bite the bullet", "Under the weather", "Kill two birds with one stone", "Let the cat out of the bag"], "predicted": ["Romper el hielo", "Derramar los frijoles", "De uvas a peras", "Golpear el clavo en la cabeza", "Ahora te toca decidir", "Cuesta un brazo y una pierna", "Apretar los dientes", "Bajo el clima", "Matar dos p\u00e1jaros de un tiro", "Soltar el secreto"], "ground_truth": ["Romper el hielo", "Irse de la lengua", "De uvas a peras", "Dar en el clavo", "Te toca a ti", "Cuesta un ojo de la cara", "Apretar los dientes", "Sentirse mal", "Matar dos p\u00e1jaros de un tiro", "Revelar el secreto"], "da": [0.9851799607276917, 0.4581182897090912, 0.9635809063911438, 0.561981737613678, 0.8565595149993896, 0.5991204380989075, 0.9673661589622498, 0.4150972366333008, 0.9674295783042908, 0.8917146921157837], "qe": [0.8435662984848022, 0.7686256170272827, 0.3971654176712036, 0.584757387638092, 0.8523861169815063, 0.8061443567276001, 0.5570337772369385, 0.5514138340950012, 0.7980490922927856, 0.39221814274787903], "rouge": [1.0, 0.0, 1.0, 0.4545454545454545, 0.3870967741935483, 0.29629629629629634, 1.0, 0.0, 1.0, 0.7096774193548386], "embed_distance": [1.0, 0.658517599105835, 1.0, 0.8610183000564575, 0.764087975025177, 0.8092526197433472, 1.0000001192092896, 0.6037949323654175, 1.0000001192092896, 0.892762303352356], "laj": [1, 1, 1, 1, 2, 1, 1, 1, 1, 2]}